use imovel;

insert into estado (sg_estado, nm_estado)
values ('AC', 'Acre'),
	   ('AL', 'Alagoas'),
       ('AP', 'Amapá'),
       ('AM', 'Amazonas'),
       ('BA', 'Bahia'),
       ('CE', 'Ceará'),
       ('DF', 'Distrito Federal'),
       ('ES', 'Espírito Santo'),
       ('GO', 'Goiás'),
       ('MA', 'Maranhão'),
       ('MT', 'Mato Grosso'),
       ('MS', 'Mato Grosso do Sul'),
       ('MG', 'Minas Gerais'),
       ('PA', 'Pará'),
       ('PB', 'Paraíba'),
       ('PR', 'Paraná'),
       ('PE', 'Pernambuco'),
       ('PI', 'Piauí'),
       ('RJ', 'Rio de Janeiro'),
       ('RN', 'Rio Grande do Norte'),
       ('RS', 'Rio Grande do Sul'),
       ('RO', 'Rondônia'),
       ('RR', 'Roraima'),
       ('SC', 'Santa Catarina'),
       ('SP', 'São Paulo'),
       ('SE', 'Sergipe'),
       ('TO', 'Tocantins');
       
insert into cidade (cd_cidade, nm_cidade, sg_estado)
values (1, 'Rio Branco', 'AC'),
	   (2, 'Sena Madureira', 'AC'),
       (3, 'Cruzeiro do Sul', 'AC'),
	   (4, 'Maceió', 'AL'),
       (5, 'Arapiraca', 'AL'),
       (6, 'Palmeira dos Índios', 'AL'),
       (7, 'Macapá', 'AP'),
       (8, 'Santana', 'AP'),
       (9, 'Laranjal do Jari', 'AP'),
       (10, 'Manaus', 'AM'),
       (11, 'Parintins', 'AM'),
       (12, 'Itacoatiara', 'AM'),
       (13, 'Salvador', 'BA'),
       (14, 'Feira de Santana', 'BA'),
       (15, 'Vitória da Conquista', 'BA'),
       (16, 'Fortaleza', 'CE'),
       (17, 'Juazeiro do Norte', 'CE'),
       (18, 'Sobral', 'CE'),
       (19, 'Brasília', 'DF'),
       (20, 'Vitória', 'ES'),
       (21, 'Vila Velha', 'ES'),
       (22, 'Serra', 'ES'),
       (23, 'Goiânia', 'GO'),
       (24, 'Anápolis', 'GO'),
       (25, 'Aparecida de Goiânia', 'GO'),
       (26, 'São Luís', 'MA'),
       (27, 'Imperatriz', 'MA'),
       (28, 'Caxias', 'MA'),
       (29, 'Cuiabá', 'MT'),
       (30, 'Rondonópolis', 'MT'),
       (31, 'Várzea Grande', 'MT'),
       (32, 'Campo_Grande', 'MS'),
       (33, 'Dourados', 'MS'),
       (34, 'Três Lagoas', 'MS'),
       (35, 'Belo Horizonte', 'MG'),
       (36, 'Uberlândia', 'MG'),
       (37, 'Contagem', 'MG'),
       (38, 'Belém', 'PA'),
       (39, 'Ananindeua', 'PA'),
       (40, 'Santarém', 'PA'),
       (41, 'João Pessoa', 'PB'),
       (42, 'Campina Grande', 'PB'),
       (43, 'Patos', 'PB'),
       (44, 'Curitiba', 'PR'),
       (45, 'Londrina', 'PR'),
       (46, 'Maringá', 'PR'),
       (47, 'Recife', 'PE'),
       (48, 'Jaboatão dos Guararapes', 'PE'),
       (49, 'Caruaru', 'PE'),
       (50, 'Teresina', 'PI'),
       (51, 'Parnaíba', 'PI'),
       (52, 'Picos', 'PI'),
       (53, 'Rio de Janeiro', 'RJ'),
       (54, 'Niterói', 'RJ'),
       (55, 'Duque de Caxias', 'RJ'),
       (56, 'Natal', 'RN'),
       (57, 'Mossoró', 'RN'),
       (58, 'Parnamirim', 'RN'),
       (59, 'Porto Alegre', 'RS'),
       (60, 'Caxias do Sul', 'RS'),
       (61, 'Pelotas', 'RS'),
       (62, 'Porto Velho', 'RO'),
       (63, 'Ji-Paraná', 'RO'),
       (64, 'Ariquemes', 'RO'),
       (65, 'Boa Vista', 'RR'),
       (66, 'Rorainópolis', 'RR'),
       (67, 'Caracaraí', 'RR'),
       (68, 'Florianópolis', 'SC'),
       (69, 'Joinville', 'SC'),
       (70, 'Blumenau', 'SC'),
       (71, 'São Paulo', 'SP'),
       (72, 'Campinas', 'SP'),
       (73, 'São Bernardo do Campo', 'SP'),
       (74, 'Aracaju', 'SE'),
       (75, 'Nossa Senhora do Socorro', 'SE'),
       (76, 'Itabaiana', 'SE'),
       (77, 'Palmas', 'TO'),
       (78, 'Araguaína', 'TO'),
       (79, 'Gurupi', 'TO');
       
Select * from estado;
Select * from cidade;
       
insert into bairro (cd_bairro, nm_bairro, cd_cidade, sg_estado)
values  (1, 'Bosque', 1, 'AC'),
		(2, 'Floresta', 1, 'AC'),
		(3, 'Eugênio Areal', 2, 'AC'),
		(4, 'Cidade nova', 2, 'AC'),
		(5, 'Miritizal', 3, 'AC'),
		(6, 'Aeroporto Velho', 3, 'AC'),
		(7, 'Ponta Verde', 4, 'AL'),
		(8, 'Jatiúca', 4, 'AL'),
		(9, 'Canafístula', 5, 'AL'),
		(10, 'Cavaco', 5, 'AL'),
		(11, 'Vila Maria', 6, 'AL'),
		(12, 'São Francisco', 6, 'AL'),
		(13, 'Trem', 7, 'AP'),
		(14, 'Buritizal', 7, 'AP'),
		(15, 'Fonte Nova', 8, 'AP'),
		(16, 'Paraíso', 8, 'AP'),
		(17, 'Agreste', 9, 'AP'),
		(18, 'Malvinas', 9, 'AP'),
		(19, 'Adrianópolis', 10, 'AM'),
		(20, 'Cidade Nova', 10, 'AM'),
		(21, 'Itaúna', 11, 'AM'),
		(22, 'Francesa', 11, 'AM'),
		(23, 'São Francisco', 12, 'AM'),
		(24, 'Colônia', 12, 'AM'),
		(25, 'Barra', 13, 'BA'),
		(26, 'Pituba', 13, 'BA'),
		(27, 'Kalilândia', 14, 'BA'),
		(28, 'Tomba', 14, 'BA'),
		(29, 'Candeias', 15, 'BA'),
		(30, 'Alto Maron', 15, 'BA'),
		(31, 'Meireles', 16, 'CE'),
		(32, 'Aldeota', 16, 'CE'),
		(33, 'Triângulo', 17, 'CE'),
		(34, 'Lagoa Seca', 17, 'CE'), 
		(35, 'Junco', 18, 'CE'),
		(36, 'Dom Expedito', 18, 'CE'),
		(37, 'Asa Sul', 19, 'DF'),
		(38, 'Asa Norte', 19, 'DF'),
		(39, 'Praia do Canto', 20, 'ES'),
		(40, 'Jardim da Penha', 20, 'ES'),
		(41, 'Praia da Costa', 21, 'ES'),
		(42, 'Itapoã', 21, 'ES'),
		(43, 'Laranjeiras', 22, 'ES'),
		(44, 'Jacaraípe', 22, 'ES'),
		(45, 'Setor Bueno', 23, 'GO'),
		(46, 'Setor Oeste', 23, 'GO'),
		(47, 'Jundiaí', 24, 'GO'),
		(48, 'Vila Jaiara', 24, 'GO'),
		(49, 'Jardim Tiradentes', 25, 'GO'),
		(50, 'Setor Garavelo', 25, 'GO'),
		(51, 'Renascença', 26, 'MA'),
		(52, 'Cohama', 26, 'MA'),
		(53, 'Nova Imperatriz', 27, 'MA'),
		(54, 'Bacuri', 27, 'MA'),
		(55, 'Ponte', 28, 'MA'),
		(56, 'Refinaria', 28, 'MA'),
		(57, 'Jardim das Américas', 29, 'MT'),
		(58, 'CPA', 29, 'MT'),
		(59, 'Jardim Atlântico', 30, 'MT'),
		(60, 'Vila Aurora', 30, 'MT'),
		(61, 'Cristo Rei', 31, 'MT'),
		(62, 'Jardim Imperial', 31, 'MT'),
		(63, 'Jardim dos Estados', 32, 'MS'),
		(64, 'Coopharádio', 32, 'MS'),
		(65, 'Jardim Água Boa', 33, 'MS'),
		(66, 'Altos do Indaiá', 33, 'MS'),
		(67, 'Jardim Alvorada', 34, 'MS'),
		(68, 'Interlagos', 34, 'MS'),
		(69, 'Savassi', 35, 'MG'),
		(70, 'Lourdes', 35, 'MG'),
		(71, 'Santa Mônica', 36, 'MG'),
		(72, 'Tibery', 36, 'MG'),
		(73, 'Eldorado', 37, 'MG'),
		(74, 'Industrial', 37, 'MG'),
		(75, 'Umarizal', 38, 'PA'),
		(76, 'Batista Campos', 38, 'PA'),
		(77, 'Cidade Nova', 39, 'PA'),
		(78, 'Guanabara', 39, 'PA'),
		(79, 'Aldeia', 40, 'PA'),
		(80, 'Santarenzinho', 40, 'PA'),
		(81, 'Tambaú', 41, 'PB'),
		(82, 'Manaíra', 41, 'PB'),
		(83, 'Catolé', 42, 'PB'),
		(84, 'Liberdade', 42, 'PB'),
		(85, 'Jardim Lacerda', 43, 'PB'),
		(86, 'Santo Antônio', 43, 'PB'),
		(87, 'Batel', 44, 'PR'),
		(88, 'Água Verde', 44, 'PR'),
		(89, 'Gleba Palhano', 45, 'PR'),
		(90, 'Vivi Xavier', 45, 'PR'),
		(91, 'Zona 7', 46, 'PR'),
		(92, 'Jardim Alvorada', 46, 'PR'),
		(93, 'Boa Viagem', 47, 'PE'),
		(94, 'Casa Forte', 47, 'PE'),
		(95, 'Piedade', 48, 'PE'),
		(96, 'Candeias', 48, 'PE'),
		(97, 'Maurício de Nassau', 49, 'PE'),
		(98, 'Indianópolis', 49, 'PE'),
		(99, 'Ininga', 50, 'PI'),
		(100, 'Ilhotas', 50, 'PI'),
		(101, 'Pindorama', 51, 'PI'),
		(102, 'Nova Parnaíba', 51, 'PI'),
		(103, 'Junco', 52, 'PI'),
		(104, 'Boa Sorte', 52, 'PI'),
		(105, 'Copacabana', 53, 'RJ'),
		(106, 'Barra da Tijuca', 53, 'RJ'),
		(107, 'Icaraí', 54, 'RJ'),
		(108, 'Santa Rosa', 54, 'RJ'),
		(109, 'Jardim Primavera', 55, 'RJ'),
		(110, 'Parque Lafaiete', 55, 'RJ'),
		(111, 'Ponta Negra', 56, 'RN'),
		(112, 'Tirol', 56, 'RN'),
		(113, 'Nova Betânia', 57, 'RN'),
		(114, 'Abolição', 57, 'RN'),
		(115, 'Nova Parnamirim', 58, 'RN'),
		(116, 'Cohabinal', 58, 'RN'),
		(117, 'Moinhos de Vento', 59, 'RS'),
		(118, 'Cidade Baixa', 59, 'RS'),
		(119, 'São Pelegrino', 60, 'RS'),
		(120, 'Petrópolis', 60, 'RS'),
		(121, 'Três Vendas', 61, 'RS'),
		(122, 'Areal', 61, 'RS'),
		(123, 'Nova Porto Velho', 62, 'RO'),
		(124, 'Tancredo Neves', 62, 'RO'),
		(125, 'Nova Brasília', 63, 'RO'),
		(126, 'Jardim Presidencial', 63, 'RO'),
		(127, 'Setor 01', 64, 'RO'),
		(128, 'Setor 09', 64, 'RO'),
		(129, 'São Vicente', 65, 'RR'),
		(130, 'Mecejana', 65, 'RR'),
		(131, 'Nova Colina', 66, 'RR'),
		(132, 'Campolândia', 66, 'RR'),
		(133, 'Bairro São José', 67, 'RR'),
		(134, 'Bairro Cidade Nova', 67, 'RR'),
		(135, 'Trindade', 68, 'SC'),
		(136, 'Campeche', 68, 'SC'),
		(137, 'América', 69, 'SC'),
		(138, 'Anita Garibaldi', 69, 'SC'),
		(139, 'Velha', 70, 'SC'),
		(140, 'Itoupava Norte', 70, 'SC'),
		(141, 'Pinheiros', 71, 'SP'),
		(142, 'Vila Mariana', 71, 'SP'),
		(143, 'Cambuí', 72, 'SP'),
		(144, 'Taquaral', 72, 'SP'),
		(145, 'Rudge Ramos', 73, 'SP'),
		(146, 'Assunção', 73, 'SP'),
		(147, 'Atalaia', 74, 'SE'),
		(148, '13 de Julho', 74, 'SE'),
		(149, 'Marcos Freire', 75, 'SE'),
		(150, 'Taiçoca de Fora', 75, 'SE'),
		(151, 'Queimadas', 76, 'SE'),
		(152, 'Bananeira', 76, 'SE'),
		(153, 'Plano Diretor Sul', 77, 'TO'),
		(154, 'Taquaralto', 77, 'TO'),
		(155, 'Neblina', 78, 'TO'),
		(156, 'Senador', 78, 'TO'),
		(157, 'Nova Fronteira', 79, 'TO'),
		(158, 'Vila São José', 79, 'TO'); 
        
Select * from bairro;

INSERT INTO faixa_imovel (cd_faixa, nm_faixa, vl_minimo, vl_maximo)
VALUES (1, 'baixo', 0.00, 1050.00),
	   (2, 'médio', 1050.01, 1800.00 ),
       (3, 'alto', 1800.01, 9999.99 );
       
UPDATE faixa_imovel
SET nm_faixa = 'baixo', vl_minimo = 0.00, vl_maximo = 1050.00
WHERE cd_faixa = 1;

UPDATE faixa_imovel
SET nm_faixa = 'médio', vl_minimo = 1050.01, vl_maximo = 1800.00
WHERE cd_faixa = 2;

UPDATE faixa_imovel
SET nm_faixa = 'alto', vl_minimo = 1800.01, vl_maximo = 9999.99
WHERE cd_faixa = 3;
        
insert into compradores (cd_comprador,nm_comprador,nm_enderecocomprador,nr_cpfcomprador,cd_cidade,cd_bairro,sg_estado,tel_comprador)
	VALUES	(1, 'João da Silva', 'Avenida Doutor Enéas Carvalho de Aguiar, 255', '12345678900', 71, 141, 'SP', '11912345678'),
			(2, 'Maria Oliveira', 'Avenida Almirante Ary Parreiras - até 479 - lado ímpar', '98765432100', 54, 107, 'RJ', '21998765432'),
			(3, 'Pedro Souza', 'Avenida do Contorno, 8123', '11122233344', 35, 70, 'MG', '31934567890'),
			(4, 'Ana Costa', 'Praça Cônego Marcelino', '55566677788', 59, 118, 'RS', '51976543210'),
			(5, 'Carlos Mendes', 'Condomínio Hayashi', '44433322211', 46, 92, 'PR', '41987651234'),
			(6, 'Juliana Martins', 'Rua Adolfo Karsten', '22211100099', 70, 139, 'SC', '48965432100'),
			(7, 'Ricardo Lima', 'Avenida Agamenon Magalhães, 44', '33344455566', 49, 97, 'PE', '81999001122'),
			(8, 'Fernanda Albuquerque', 'Avenida Bernardo Martins Catharino', '88877766655', 14, 28, 'BA', '71988776655'),
			(9, 'Marcos Figueiredo', 'Rua Antônio Rodrigues Magalhães', '99988877766', 18, 36, 'CE', '85987003344'),
			(10, 'Beatriz Santos', 'SAUS Quadra 2 Bloco E Edifício Siderbrás', '66655544433', 19, 37, 'DF', '61998887766');
            
select * from compradores;
       
insert into vendedor (cd_vendedor,nm_vendedor,nm_endereco,nr_cpf,cd_cidade,cd_bairro,sg_estado,telefone,data_nasc)
	VALUES 	(1, 'Lucas Pereira', 'Avenida Conselheiro Rodrigues Alves - de 642 ao fim - lado par', '12312312300', 71, 142, 'SP', '11912340001', '1985-03-10'),
			(2, 'Camila Rodrigues', 'Rua Coronel Silva Barros,Jardim Primavera, 88', '23423423411', 53, 55, 'RJ', '21923451112', '1990-07-15'),
			(3, 'Rafael Lima', 'Avenida Benjamim Magalhães', '34534534522', 36, 72, 'MG', '31934562223', '1982-11-22'),
			(4, 'Larissa Monteiro', 'Rua Ângelo Evaristo Ruzzarin', '45645645633', 60, 120, 'RS', '51945673334', '1993-01-08'),
			(5, 'Tiago Fernandes', 'Av. Paraná, 654', '56756756744', 44, 105, 'PR', '41956784445', '1980-05-19'),
			(6, 'Bruna Carvalho', 'Rua Azul, 121', '67867867855', 69, 137, 'SC', '48967895556', '1989-08-25'),
			(7, 'Gustavo Nogueira', '1ª Travessa Caracol (Com Nova Jerusalém)', '78978978966', 48, 98, 'PE', '81978906667', '1991-10-30'),
			(8, 'Patrícia Gomes', '	Alameda Gênova', '89089089077', 13, 26, 'BA', '71989017778', '1986-02-14'),
			(9, 'Daniel Costa', 'Avenida Barão de Studart, 1980', '90190190188', 16, 32, 'CE', '85990128889', '1987-06-12'),
			(10, 'Aline Souza', 'SBN Quadra 1 Bloco A 10º andar', '01201201299', 19, 38, 'DF', '61901239990', '1992-09-03'),
			(11, 'Eduardo Almeida', 'Avenida Inspetor Avelino Alves Vieira', '12378945600', 24, 48, 'GO', '62912341122', '1988-04-21'),
			(12, 'Vanessa Ribeiro', 'Avenida Francisco Generoso da Fonseca', '32165498711', 20, 40, 'ES', '27923452233', '1994-12-09'),
			(13, 'Felipe Andrade', 'Avenida Cidade do México', '65432198722', 29, 57, 'MT', '65934563344', '1983-03-17'),
			(14, 'Carolina Pires', 'Avenida Francisco Castro', '78912345633', 28, 55, 'MA', '98945674455', '1995-11-30'),
			(15, 'André Vasconcelos', '	Alameda Rodrigues Pinajé', '98745632144', 38, 76, 'PA', '91956785566', '1981-07-02');
        
select * from compradores;
select * from vendedor;
       
INSERT INTO imovel (cd_imovel, cd_vendedor, cd_bairro, cd_cidade, sg_estado, nm_endereco, nr_areautil, nr_areatotal, vl_preco, cd_oferta, st_vendido, data_lancto)
				VALUES (1, 4, 1, 1, 'AC', 'Rua Dom Bosco', 46, 91, 320402.67, 2, 1, '2024-09-08'),
					   (2, 8, 2, 1, 'AC', 'Rua A', 62, 147, 479729.64, 1, 1, '2024-05-13'),
                       (4, 12, 4, 2, 'AC', 'Rua Nova Andirá', 147, 185, 504288.14, 3, 1, '2021-01-22'),
                       (5, 6, 5, 3, 'AC', ' Rua Santo Antônio', 148, 201, 350084.21, 2, 0, '2022-10-02'),
                       (6, 4, 6, 3, 'AC', 'Rua Rio Grande do Sul', 63, 121, 187044.74, 3, 0, '2024-09-21'),
                       (7, 2, 7, 4, 'AL', 'Rua Deputado José Lages', 157, 235, 212343.55, 4, 1, '2023-03-11'),
                       (8, 7, 8, 4, 'AL', 'Avenida Álvaro Otacílio', 115, 205, 656667.78, 3, 1, '2021-02-18'),
                       (9, 3, 9, 5, 'AL', 'Rua Zenira Alves de Oliveira', 51, 145, 305108.45, 3, 1, '2022-05-03'),
                       (10, 8, 10, 5, 'AL', ' Rua Abraão de Oliveira', 65, 123, 350176.24, 3, 1, '2022-12-24'),
					   (11, 2, 11, 6, 'AL', 'Rua José Correia da Silva', 130, 166, 703157.66, 1, 1, '2022-04-01'),
                       (12, 1, 12, 6, 'AL', 'Rua São Francisco', 102, 132, 516034.19, 3, 1, '2022-01-12'),
                       (13, 11, 13, 7, 'AP', 'Rua São José', 54, 93, 839622.33, 3, 1, '2021-08-04'),
                       (14, 9, 14, 7, 'AP', 'Avenida 13 de Setembro', 56, 93, 921822.51, 5, 0, '2020-07-18'),
                       (15, 7, 15, 8, 'AP', 'Rua Hildemar Maia', 167, 227, 896214.84, 4, 1, '2020-09-24'),
					   (16, 9, 16, 8, 'AP', 'Rua Claudomiro de Moraes', 75, 116, 770490.08, 5, 0, '2022-06-03'),
                       (17, 9, 17, 9, 'AP', 'Rua Raimundo Álvares da Costa', 149, 233, 459460.45, 2, 1, '2024-05-19'),
                       (18, 14, 18, 9, 'AP', 'Rua Tancredo Neves', 166, 187, 780203.94, 1, 1, '2020-12-16'),
                       (19, 6, 19, 10, 'AM', 'Rua Salvador', 148, 234, 157174.94, 4, 0, '2024-03-18'),
                       (20, 7, 20, 10, 'AM', ' Avenida Noel Nutels', 104, 184, 874701.73, 1, 1, '2023-11-12'),
                       (21, 12, 21, 11, 'AM', 'Rua Itaúna', 108, 200, 406157.93, 3, 0, '2025-03-27'),
                       (22, 6, 22, 11, 'AM', 'Rua França', 156, 166, 958434.33, 3, 1, '2021-12-29'),
                       (23, 13, 23, 12, 'AM', 'Rua São Francisco', 67, 157, 368600.31, 5, 1, '2023-08-09'),
                       (24, 5, 24, 12, 'AM', 'Rua Colônia', 135, 165, 585441.13, 5, 1, '2024-07-17'),
                       (25, 2, 25, 13, 'BA', 'Avenida Sete de Setembro', 122, 194, 117529.07, 3, 0, '2023-09-27'),
					   (26, 8, 26, 13, 'BA', 'Avenida Paulo VI', 54, 94, 890208.64, 1, 1, '2022-06-01'),
                       (27, 6, 27, 14, 'BA', 'Rua São Domingos', 57, 135, 789250.99, 2, 0, '2021-08-05'),
                       (28, 1, 28, 14, 'BA', 'Rua Tomba', 82, 125, 574906.41, 5, 0, '2020-05-21'),
                       (29, 7, 29, 15, 'BA', 'Rua Candeias', 178, 276, 281035.96, 3, 0, '2021-03-31'),
                       (30, 12, 30, 15, 'BA', 'Rua Alto Maron', 152, 228, 506337.53, 2, 1, '2023-12-15'),
                       (31, 3, 31, 16, 'CE', ' Avenida Beira Mar', 126, 138, 629477.85, 2, 1, '2022-03-14'),
                       (32, 1, 32, 16, 'CE', 'Rua Barbosa de Freitas', 58, 158, 667992.66, 2, 1, '2021-11-01'),
                       (33, 2, 33, 17, 'CE', 'Rua São José', 124, 143, 562740.51, 3, 0, '2024-09-29'),
                       (34, 7, 34, 17, 'CE', 'Rua Lagoa Seca', 178, 204, 751017.31, 5, 0, '2024-04-16'),
                       (35, 8, 35, 18, 'CE', 'Rua Junco', 161, 223, 271368.92, 1, 0, '2020-10-07'),
                       (36, 12, 36, 18, 'CE', ' Rua Dom Expedito', 148, 210, 520322.2, 1, 1, '2025-01-29'),
                       (37, 2, 37, 19, 'DF', 'SQS 308', 143, 196, 820533.26, 1, 1, '2022-06-17'),
					   (38, 7, 38, 19, 'DF', 'SQN 210', 88, 166, 503752.19, 4, 1, '2021-05-16'),
                       (39, 9, 39, 20, 'ES', 'Rua Aleixo Neto', 158, 199, 887037.36, 1, 0, '2024-03-22'),
                       (40, 11, 40, 20, 'ES', 'Rua da Lama', 65, 81, 686930.4, 5, 1, '2021-06-22'),
                       (41, 3, 41, 21, 'ES', 'Avenida Champagnat', 100, 131, 465772.65, 4, 1, '2024-04-16'),
                       (42, 13, 42, 21, 'ES', 'Rua Itapoã', 55, 86, 441075.81, 4, 0, '2024-11-09'),
                       (43, 15, 43, 22, 'ES', ' Avenida Central', 113, 177, 726932.35, 5, 0, '2025-02-03'),
                       (44, 5, 44, 22, 'ES', 'Avenida Abido Saadi', 88, 135, 295930.81, 1, 1, '2023-01-14'),
                       (45, 11, 45, 23, 'GO', 'Avenida T-63', 54, 70, 625759.84, 5, 1, '2024-02-08'),
                       (46, 2, 46, 23, 'GO', 'Avenida Assis Chateaubriand', 170, 190, 866208.29, 1,	1, '2024-08-19'),
                       (47, 8, 47, 24, 'GO', ' Rua 5', 143, 168, 947436.51, 5, 1, '2023-12-20'),
                       (48, 15, 48, 24, 'GO', 'Avenida Pedro Ludovico', 192, 207, 657443.36, 4, 0, '2024-12-31'),
                       (49, 9, 49, 25, 'GO', 'Rua Tiradentes', 92, 187, 744572.62, 2, 0, '2024-02-18'),
                       (50, 13, 50, 25, 'GO', 'Avenida Igualdade', 73, 168, 680950.71, 4, 0, '2021-09-10'),
                       (51, 3, 51, 26, 'MA', 'Avenida Colares Moreira', 42, 110, 659043.33, 5, 1, '2024-05-17'),
                       (52, 3, 52, 26, 'MA', ' Avenida Daniel de La Touche', 177, 214, 555296.22, 2, 0, '2024-03-02'),
                       (53, 14, 53, 27, 'MA', 'Rua Pernambuco', 102, 159, 356488.65, 4, 0, '2022-07-18'),
                       (54, 2, 54, 27, 'MA', 'Rua Ceará', 175, 186, 701076.88, 5, 0, '2022-06-11'),
                       (55, 4, 55, 28, 'MA', ' Rua Ponte', 74, 117, 203885.8, 1, 0, '2022-09-12'),
                       (56, 9, 56, 28, 'MA', 'Rua Refinaria', 112, 199, 289566.69, 3, 1, '2024-10-09'),
                       (57, 9, 57, 29, 'MT', 'Avenida Fernando Corrêa da Costa', 169, 241, 326009.13, 1, 1, '2024-06-17'),
                       (58, 14, 58, 29, 'MT', 'Avenida Historiador Rubens de Mendonça', 110, 125, 103191.12, 2, 0, '2022-05-17'),
                       (59, 6, 59, 30, 'MT', 'Rua Atlântico', 153, 233, 735100.7, 5, 1, '2022-09-04'),
                       (60, 4, 60, 30, 'MT', 'Rua Aurora', 59, 157, 913535.71, 5, 1, '2024-01-30'),
                       (61, 12, 61, 31, 'MT', 'Rua Cristo Rei', 189, 269, 233284.41, 2, 1, '2020-12-30'),
                       (62, 10, 62, 31, 'MT', ' Rua Imperial', 133, 148, 909032.17, 2, 1, '2022-10-08'),
                       (63, 4, 63, 32, 'MS', 'Avenida Mato Grosso', 130, 211, 895721.23, 4, 1, '2022-05-02'),
                       (64, 8, 64, 32, 'MS', 'Rua da Rádio', 81, 113, 893274.58, 1, 1, '2022-08-26'),
                       (65, 11, 65, 33, 'MS', 'Rua Água Boa', 145, 240, 877657.63, 2, 0, '2023-03-13'),
                       (66, 6, 66, 33, 'MS', 'Rua Indaiá', 67, 125, 884950.1, 4, 1, '2023-01-22'),
                       (67, 7, 67, 34, 'MS', 'Rua Alvorada', 157, 211, 374671.78, 2, 1, '2024-12-07'),
                       (68, 1, 68, 34, 'MS', 'Rua Interlagos', 89, 150, 395435.76, 1, 0, '2021-01-09'),
                       (69, 12, 69, 35, 'MG', 'Rua Antônio de Albuquerque', 170, 231, 711566.31, 5, 0, '2021-07-07'),
                       (70, 1, 70, 35, 'MG', 'Rua da Bahia', 69, 112, 260711.03, 3, 1, '2021-08-15'),
                       (71, 4, 71, 36, 'MG', 'Rua Santa Mônica', 192, 257, 411118.4, 3, 0, '2022-04-22'),
                       (72, 10, 72, 36, 'MG', 'Rua Tibery', 170, 194, 446675.89, 5, 1, '2023-08-07'),
                       (73, 9, 73, 37, 'MG', 'Avenida João César de Oliveira', 51, 151, 492451.76, 5, 1, '2021-08-21'),
                       (74, 12, 74, 37, 'MG', 'Rua Industrial', 150, 168, 953987.04, 3, 0, '2022-02-27'),
                       (75, 4, 75, 38, 'PA', 'Avenida Generalíssimo Deodoro', 116, 190, 378356.2, 4, 0, '2020-11-19'),
                       (76, 13, 76, 38, 'PA', 'Rua dos Mundurucus', 115, 195, 214559.02, 4, 0, '2023-11-13'),
                       (77, 6, 77, 39, 'PA', 'Avenida Independência', 197, 279, 370854.89, 5, 1, '2023-10-22'),
                       (78, 10, 78, 39, 'PA', 'Rua Guanabara', 113, 149, 486899.33, 5, 0, '2023-02-26'),
                       (79, 15, 79, 40, 'PA', 'Rua Aldeia', 153, 219, 708064.51, 5, 0, '2024-12-14'),
                       (80, 6, 80, 40, 'PA', 'Rua Santarenzinho', 61, 107, 563906.81, 5, 0, '2024-04-20'),
                       (81, 3, 81, 41, 'PB', 'Avenida Epitácio Pessoa', 100, 196, 379377.52, 2, 1, '2023-11-16'),
                       (82, 1, 82, 41, 'PB', 'Avenida João Câncio', 51, 92, 985542.42, 5, 1, '2020-11-13'),
                       (83, 15, 83, 42, 'PB', ' Rua Catolé', 146, 236, 618103.81, 4, 0, '2022-02-05'),
                       (84, 13, 84, 42, 'PB', 'Rua Liberdade', 102, 130, 690452.21, 1, 1, '2023-11-30'),
                       (85, 14, 85, 43, 'PB', 'Rua Lacerda', 96, 128, 823698.87, 5, 0, '2023-08-27'),
                       (86, 2, 86, 43, 'PB', 'Rua Santo Antônio', 182, 223, 925723.01, 1, 0, '2025-04-22'),
                       (87, 5, 87, 44, 'PR', 'Avenida do Batel', 158, 253, 578018.7, 5, 0, '2020-07-03'),
                       (88, 15, 88, 44, 'PR', 'Avenida Água Verde', 196, 270, 484066.68, 5, 0, '2025-03-27'),
                       (89, 6, 89, 45, 'PR', 'Avenida Ayrton Senna', 161, 228, 333272.39, 2, 0, '2023-07-29'),
                       (90, 7, 90, 45, 'PR', 'Rua Vivi Xavier', 164, 254, 315321.28, 4, 1, '2024-05-24'),
					   (91, 10, 91, 46, 'PR', 'Avenida Colombo', 100, 144, 402262.78, 5, 1, '2020-05-22'),
					   (92, 5, 92, 46, 'PR', 'Rua Paranaguá', 78, 117, 444731.76, 2, 1, '2023-05-01'),
                       (93, 3, 93, 47, 'PE', 'Avenida Boa Viagem', 146, 208, 397793.25, 4, 0, '2022-11-17'),
					   (94, 2, 94, 47, 'PE', 'Rua Sebastião Leme', 92, 155, 450529.13, 5, 1, '2023-08-28'),
					   (95, 9, 95, 48, 'PE', 'Avenida Bernardo Vieira de Melo', 137, 208, 105306.48, 3, 0, '2023-11-26'),
                       (96, 13, 96, 48, 'PE', 'Rua Arquiteto Luiz Nunes', 147, 225, 772764.1, 5, 1, '2024-12-01'),
					   (97, 6, 97, 49, 'PE', 'Avenida Agamenon Magalhães', 96, 140, 492252.38, 1, 0, '2024-12-25'),
                       (98, 11, 98, 49, 'PE', '	Rua Maria José da Silva', 143, 174, 856455.1, 2, 1, '2022-03-20'),
                       (99, 13, 99, 50, 'PI', 'Rua Angélica', 191, 273, 696699.78, 1, 0, '2024-06-28'),
                       (100, 5, 100, 50, 'PI', 'Rua David Caldas', 158, 191, 145256.17, 4, 0, '2022-03-16'),
                       (101, 7, 101, 51, 'PI', 'Rua Osvaldo Cruz', 156, 207, 403750.49, 4, 0, '2022-08-29'),
                       (102, 14, 102, 51, 'PI', 'Rua Tabajara', 104, 124, 523276.15, 5, 1, '2024-01-18'),
                       (103, 12, 103, 52, 'PI', 'Rua Francisco Antônio de Sousa', 97, 190, 161756.53, 1, 1, '2024-06-20'),
                       (104, 8, 104, 52, 'PI', 'Rua Projetada 1', 91, 103, 659202.09, 2, 1, '2020-08-02'),
                       (105, 1, 105, 53, 'RJ', 'Avenida Atlântica', 92, 190, 646500.74, 1, 1, '2020-03-14'),
                       (106, 12, 106, 53, 'RJ', 'Avenida das Américas', 82, 169, 646522.74, 1, 1, '2023-03-14'),
                       (107, 10, 107, 54, 'RJ', 'Rua Presidente Backer', 67, 151, 123110.58, 3, 0, '2023-10-12'),
                       (108, 13, 108, 54, 'RJ', 'Rua Noronha Torrezão', 90, 109, 632888.08, 2, 1, '2021-09-28'),
                       (109, 10, 109, 55, 'RJ', 'Rua das Camélias', 193, 218, 816604.49, 5, 1, '2024-04-25'),
                       (110, 12, 110, 55, 'RJ', 'Rua São João Batista', 176, 240, 695369.21, 1, 0, '2021-06-04'),
                       (111, 1, 111, 56, 'RN', 'Avenida Engenheiro Roberto Freire', 147, 219, 194984.98, 3, 0, '2024-11-18'),
                       (112, 5, 112, 56, 'RN', 'Avenida Hermes da Fonseca', 151, 183, 760415.77, 3, 0, '2020-07-26'),
                       (113, 15, 113, 57, 'RN', 'Rua João da Escóssia', 151, 236, 341555.98, 2, 1, '2023-09-10'),
                       (114, 9, 114, 57, 'RN', 'Rua Francisco Solon', 155, 196, 775428.65, 5, 0, '2025-02-20'),
                       (115, 11, 115, 58, 'RN', 'Avenida Abel Cabral', 47, 120, 865857.55, 2, 0, '2020-07-27'),
                       (116, 7, 116, 58, 'RN', 'Rua Rio Grande do Norte', 130, 173, 406304.96, 5, 0, '2021-01-19'),
                       (117, 8, 117, 59, 'RS', 'Rua Padre Chagas', 42, 118, 953256.32, 1, 1, '2023-12-26'),
                       (118, 14, 118, 59, 'RS', 'Rua Lima e Silva', 165, 246, 782348.19, 4, 0, '2021-06-29'),
                       (119, 15, 119, 60, 'RS', 'Rua Marquês do Herval', 44, 65, 364812.02, 4, 1, '2024-04-07'),
                       (120, 10, 120, 60, 'RS', 'Rua Dom Pedro II', 188, 245, 525934.44, 5, 0, '2021-11-19'),
                       (121, 14, 121, 61, 'RS', 'Rua General Osório', 180, 232, 416629.47, 4, 0, '2020-10-07'),
                       (122, 12, 122, 61, 'RS', 'Rua Gonçalves Chaves', 104, 143, 208590.3, 2, 0, '2022-07-21'),
					   (123, 4, 123, 62, 'RO', 'Rua Alexandre Guimarães', 177, 275, 266634.86, 2, 0, '2023-07-25'),
                       (124, 9, 124, 62, 'RO', 'Rua Tancredo Neves', 190, 267, 637111.67, 1, 1, '2023-02-15'),
                       (125, 10, 125, 63, 'RO', 'Rua José Amador dos Reis', 98, 154, 261497.39, 1, 1, '2022-02-20'),
                       (126, 9, 126, 63, 'RO', 'Rua das Mangueiras', 51, 67, 598023.07, 2, 0, '2024-03-16'),
                       (127, 4, 127, 64, 'RO', 'Rua São Paulo', 43, 126, 355905.39, 4, 0, '2023-02-13'),
                       (128, 11, 128, 64, 'RO', 'Rua Rio de Janeiro', 87, 103, 327230.55, 4, 1, '2023-03-18'),
                       (129, 3, 129, 65, 'RR', 'Avenida Ville Roy', 142, 214, 166673.95, 1, 1, '2023-07-25'),
                       (130, 5, 130, 65, 'RR', 'Avenida Nossa Senhora da Consolata', 184, 232, 176662.82, 2, 1, '2022-09-15'),
                       (131, 11, 131, 66, 'RR', 'Rua das Palmeiras', 146, 233, 636514.16, 5, 1, '2023-12-04'),
                       (132, 2, 132, 66, 'RR', 'Rua das Acácias', 137, 204, 917653.94, 3, 0, '2022-06-26'),
                       (133, 10, 133, 67, 'RR', 'Rua São José', 185, 274, 154207.27, 1, 1, '2021-01-13'),
                       (134, 7, 134, 67, 'RR', 'Rua das Flores', 107, 201, 173068.72, 2, 1, '2024-05-04'),
                       (135, 1, 135, 68, 'SC', 'Rua Desembargador Vítor Lima', 59, 89, 102408.15, 4, 0, '2020-07-03'),
                       (136, 10, 136, 68, 'SC', 'Avenida Campeche', 48, 87, 359294.4, 3, 0, '2024-12-04'),
                       (137, 3, 137, 69, 'SC', 'Rua Max Colin', 99, 142, 809045.22, 5, 1, '2020-10-12'),
                       (138, 14, 138, 69, 'SC', 'Rua João Colin', 69, 148, 302328.51, 2, 0, '2023-04-26'),
					   (139, 5, 139, 70, 'SC', 'Rua General Osório', 58, 75, 249330.51, 3, 0, '2022-03-31'),
                       (140, 15, 140, 70, 'SC', 'Rua 2 de Setembro', 71, 140, 719810.19, 4, 0, '2020-12-03'),
                       (141, 3, 141, 71, 'SP', 'Rua dos Pinheiros', 178, 251, 493982.98, 5, 1, '2020-09-06'),
                       (142, 14, 142, 71, 'SP', 'Rua Domingos de Morais', 122, 209, 325331.11, 1, 1, '2020-08-08'),
                       (143, 3, 143, 72, 'SP', 'Rua Coronel Quirino', 190, 202, 999615.18, 3, 1, '2022-06-11'),
                       (144, 6, 144, 72, 'SP', 'Avenida Nossa Senhora de Fátima', 160, 236, 686358.54, 3, 1, '2022-01-13'),
                       (145, 1, 145, 73, 'SP', 'Rua Caminho do Mar', 151, 242, 832820.45, 1, 0, '2020-07-06'),
                       (146, 12, 146, 73, 'SP', 'Avenida João Firmino da Silva', 144, 196, 388952.43, 1, 1, '2021-08-20'),
                       (147, 11, 147, 74, 'SE', 'Rua Capitão Manoel Gomes', 145, 243, 545922.12, 4, 1, '2022-05-15'),
                       (148, 15, 148, 74, 'SE', 'Avenida Beira Mar', 62, 112, 327158.97, 1, 0, '2021-05-31'),
                       (149, 8, 149, 75, 'SE', 'Rua A', 40, 134, 882430.74, 4, 0, '2024-05-14'),
                       (150, 2, 150, 75, 'SE', 'Rua José Lopes Neto', 88, 164, 425601.42, 4, 0, '2021-04-24'),
                       (151, 2, 151, 76, 'SE', 'Rua Projetada 3', 92, 136, 594297.68, 3, 0, '2025-02-19'),
                       (152, 6, 152, 76, 'SE', 'Rua Maria Vitória', 71, 84, 975832.13, 5, 1, '2022-03-12'),
                       (153, 6, 153, 77, 'TO', 'Avenida Teotônio Segurado', 119, 199, 112307.02, 4, 1, '2024-04-17'),
                       (154, 8, 154, 77, 'TO', 'Avenida Tocantins', 69, 138, 952354.67, 2, 0, '2022-07-09'),
                       (155, 10, 155, 78, 'TO', 'Rua Alagoas', 170, 270, 346082.41, 4, 0, '2023-06-24'),
					   (156, 8, 156, 78, 'TO', 'Rua São Paulo', 156, 236, 230177.77, 2, 1, '2021-10-07'),
					   (157, 3, 157, 79, 'TO', 'Rua NFS-001', 110, 173, 405887.72, 5, 0, '2021-04-24'),
					   (158, 1, 158, 79, 'TO', 'Rua VSJ-3', 112, 160, 853728.33, 5, 0, '2021-09-24');
       
INSERT INTO oferta (cd_oferta, cd_imovel, cd_comprador, vl_oferta, dt_oferta)
VALUES  (1, 24, 1, 1837.58, '2024-04-12'),
		(2, 121, 1, 5300.50, '2024-06-15'),
		(3, 18, 1, 3123.48, '2024-11-04'),
		(4, 88, 1, 2291.03, '2025-01-26'),
		(5, 143, 1, 5123.90, '2025-03-02'),
		(6, 34, 2, 4900.00, '2024-07-10'),
		(7, 97, 2, 1943.20, '2025-02-19'),
		(8, 5, 2, 5362.10, '2024-09-30'),
		(9, 157, 2, 2880.00, '2024-12-07'),
		(10, 76, 2, 4123.87, '2024-10-18'),
		(11, 1, 3, 2691.00, '2024-02-11'),
		(12, 65, 3, 1102.34, '2024-03-09'),
		(13, 147, 3, 3278.90, '2024-12-24'),
		(14, 35, 3, 5460.00, '2024-08-01'),
		(15, 108, 3, 1870.00, '2024-05-06'),
		(16, 12, 4, 2098.40, '2025-03-17'),
		(17, 55, 4, 1329.08, '2024-01-28'),
		(18, 139, 4, 5050.50, '2024-06-03'),
		(19, 92, 4, 3089.00, '2025-04-23'),
		(20, 27, 4, 4643.00, '2024-10-05'),
		(21, 11, 5, 1830.00, '2024-09-13'),
		(22, 61, 5, 2240.30, '2025-01-07'),
		(23, 119, 5, 3967.89, '2024-11-29'),
		(24, 26, 5, 5100.30, '2025-03-12'),
		(25, 130, 5, 3043.00, '2024-02-25'),
		(26, 10, 6, 4500.00, '2024-07-21'),
		(27, 89, 6, 1430.20, '2024-03-19'),
		(28, 44, 6, 5217.60, '2024-08-26'),
		(29, 132, 6, 2255.00, '2024-04-07'),
		(30, 73, 6, 3980.00, '2025-02-03'),
		(31, 6, 7, 4725.00, '2024-01-16'),
		(32, 80, 7, 1534.00, '2024-06-21'),
		(33, 36, 7, 2310.00, '2025-04-05'),
		(34, 115, 7, 5273.00, '2024-11-12'),
		(35, 138, 7, 2921.00, '2025-01-18'),
		(36, 13, 8, 2400.00, '2024-05-23'),
		(37, 83, 8, 3299.00, '2024-08-19'),
		(38, 59, 8, 4182.30, '2024-10-25'),
		(39, 141, 8, 1178.90, '2024-09-02'),
		(40, 38, 8, 2068.00, '2024-03-30'),
		(41, 19, 9, 3560.00, '2024-07-02'),
		(42, 43, 9, 5406.00, '2025-03-30'),
		(43, 109, 9, 1908.30, '2024-04-28'),
		(44, 98, 9, 1332.00, '2025-02-24'),
		(45, 50, 9, 5060.10, '2024-06-09'),
		(46, 4, 10, 3150.00, '2024-01-04'),
		(47, 69, 10, 4270.90, '2024-12-15'),
		(48, 111, 10, 3804.40, '2025-01-29'),
		(49, 152, 10, 1843.20, '2024-08-07'),
		(50, 30, 10, 2091.00, '2024-10-12');
        
select * from estado;
select * from cidade;
select * from bairro;
select * from faixa_imovel;
select * from compradores;
select * from vendedor;
select * from imovel;
select * from oferta;